{
	"system" : {
		"platform" : "windows64",
		"os_name" : "Windows 10",
		"os_version" : "10.0"
	},
	"error" : {
		"executable" : "quartus",
		"comment" : "not_applicable",
		"error_message" : "Access Violation at 0X000000005DC49012",
		"source_file" : "unknown",
		"line" : "0",
		"stack_trace" : "\t 0x5dc49011: QtGui4 + 0x3a9011 (?qt_metacast@QMdiArea@@UEAAPEAXPEBD@Z + 0x471)\n\t 0x5dc4a110: QtGui4 + 0x3aa110 (?resizeEvent@QMdiArea@@MEAAXPEAVQResizeEvent@@@Z + 0x240)\n\t 0x5d9021fd: QtGui4 + 0x621fd (?event@QWidget@@MEAA_NPEAVQEvent@@@Z + 0x50d)\n\t 0x5dc254e6: QtGui4 + 0x3854e6 (?event@QFrame@@MEAA_NPEAVQEvent@@@Z + 0x36)\n\t 0x5e990552: QtCore4 + 0x110552 (?sendThroughObjectEventFilters@QCoreApplicationPrivate@@QEAA_NPEAVQObject@@PEAVQEvent@@@Z + 0x82)\n\t 0x5d8c2f81: QtGui4 + 0x22f81 (?notify_helper@QApplicationPrivate@@QEAA_NPEAVQObject@@PEAVQEvent@@@Z + 0xe1)\n\t 0x5d8c2c2f: QtGui4 + 0x22c2f (?notify@QApplication@@UEAA_NPEAVQObject@@PEAVQEvent@@@Z + 0x17bf)\n\t 0x5e98e67b: QtCore4 + 0x10e67b (?notifyInternal@QCoreApplication@@AEAA_NPEAVQObject@@PEAVQEvent@@@Z + 0x7b)\n\t 0x5d939bed: QtGui4 + 0x99bed (?setGeometry_sys@QWidgetPrivate@@QEAAXHHHH_N@Z + 0xa7d)\n\t 0x5d90d8e0: QtGui4 + 0x6d8e0 (?setGeometry@QWidget@@QEAAXAEBVQRect@@@Z + 0xb0)\n\t 0x5dc97000: QtGui4 + 0x3f7000 (?layoutChildren@QAbstractScrollAreaPrivate@@QEAAXXZ + 0x5e0)\n\t 0x5dc4c7a7: QtGui4 + 0x3ac7a7 (?trUtf8@QMdiArea@@SA?AVQString@@PEBD0H@Z + 0x947)\n\t 0x5dc4bedf: QtGui4 + 0x3abedf (?trUtf8@QMdiArea@@SA?AVQString@@PEBD0H@Z + 0x7f)\n\t 0x5dc4c9ea: QtGui4 + 0x3ac9ea (?viewportEvent@QMdiArea@@MEAA_NPEAVQEvent@@@Z + 0x17a)\n\t 0x5e990552: QtCore4 + 0x110552 (?sendThroughObjectEventFilters@QCoreApplicationPrivate@@QEAA_NPEAVQObject@@PEAVQEvent@@@Z + 0x82)\n\t 0x5d8c2f81: QtGui4 + 0x22f81 (?notify_helper@QApplicationPrivate@@QEAA_NPEAVQObject@@PEAVQEvent@@@Z + 0xe1)\n\t 0x5d8c2c2f: QtGui4 + 0x22c2f (?notify@QApplication@@UEAA_NPEAVQObject@@PEAVQEvent@@@Z + 0x17bf)\n\t 0x5e98e67b: QtCore4 + 0x10e67b (?notifyInternal@QCoreApplication@@AEAA_NPEAVQObject@@PEAVQEvent@@@Z + 0x7b)\n\t 0x5dc4e3f1: QtGui4 + 0x3ae3f1 (?closeEvent@QMdiSubWindow@@MEAAXPEAVQCloseEvent@@@Z + 0xa1)\n\t0x7ff86cdee342: SYS_QUI + 0x3e342 (?closeEvent@QUI_MDI_SUB_WND@@MEAAXPEAVQCloseEvent@@@Z + 0x182)\n\t 0x5d902211: QtGui4 + 0x62211 (?event@QWidget@@MEAA_NPEAVQEvent@@@Z + 0x521)\n\t 0x5d8c2f95: QtGui4 + 0x22f95 (?notify_helper@QApplicationPrivate@@QEAA_NPEAVQObject@@PEAVQEvent@@@Z + 0xf5)\n\t 0x5d8c2c2f: QtGui4 + 0x22c2f (?notify@QApplication@@UEAA_NPEAVQObject@@PEAVQEvent@@@Z + 0x17bf)\n\t 0x5e98e67b: QtCore4 + 0x10e67b (?notifyInternal@QCoreApplication@@AEAA_NPEAVQObject@@PEAVQEvent@@@Z + 0x7b)\n\t 0x5d8ff920: QtGui4 + 0x5f920 (?close_helper@QWidgetPrivate@@QEAA_NW4CloseMode@1@@Z + 0xb0)\n\t0x7ff86cdd4997: SYS_QUI + 0x24997 (?close_all_in_list@QUI_FRAME_WND@@IEAA_NV?$QList@PEAVQMdiSubWindow@@@@PEAVQMdiSubWindow@@U_GUID@@@Z + 0x227)\n\t0x7ff86cdd4aef: SYS_QUI + 0x24aef (?close_all_windows@QUI_FRAME_WND@@QEAA_NU_GUID@@@Z + 0xff)\n\t0x7ff86cdd466f: SYS_QUI + 0x2466f (?closeEvent@QUI_FRAME_WND@@MEAAXPEAVQCloseEvent@@@Z + 0x1ef)\n\t 0x5d902211: QtGui4 + 0x62211 (?event@QWidget@@MEAA_NPEAVQEvent@@@Z + 0x521)\n\t 0x5dc3cbc0: QtGui4 + 0x39cbc0 (?event@QMainWindow@@MEAA_NPEAVQEvent@@@Z + 0x280)\n\t 0x5d8c2f95: QtGui4 + 0x22f95 (?notify_helper@QApplicationPrivate@@QEAA_NPEAVQObject@@PEAVQEvent@@@Z + 0xf5)\n\t 0x5d8c2c2f: QtGui4 + 0x22c2f (?notify@QApplication@@UEAA_NPEAVQObject@@PEAVQEvent@@@Z + 0x17bf)\n\t 0x5e98e67b: QtCore4 + 0x10e67b (?notifyInternal@QCoreApplication@@AEAA_NPEAVQObject@@PEAVQEvent@@@Z + 0x7b)\n\t 0x5d8ff920: QtGui4 + 0x5f920 (?close_helper@QWidgetPrivate@@QEAA_NW4CloseMode@1@@Z + 0xb0)\n\t 0x5d8bbd72: QtGui4 + 0x1bd72 (?commitData@QApplication@@UEAAXAEAVQSessionManager@@@Z + 0x112)\n\t 0x5d92839d: QtGui4 + 0x8839d (?winMouseButtonUp@QApplication@@SAXXZ + 0x79d)\n\t0x7ff89575e857: USER32 + 0xe857 (CallWindowProcW + 0x3f7)\n\t0x7ff89575e3db: USER32 + 0xe3db (DispatchMessageW + 0x39b)\n\t0x7ff895770bc2: USER32 + 0x20bc2 (SendMessageTimeoutW + 0x142)\n\t0x7ff897510b73: ntdll + 0xa0b73 (KiUserCallbackDispatcher + 0x23)\n\t0x7ff895491123: win32u + 0x1123 (NtUserMessageCall + 0x13)\n\t0x7ff89575caf4: USER32 + 0xcaf4 (GetWindowTextW + 0x804)\n\t0x7ff89575c7b7: USER32 + 0xc7b7 (GetWindowTextW + 0x4c7)\n\t 0x5dd9f0f7: QtGui4 + 0x4ff0f7 (?widgetDestroyed@QInputContext@@UEAAXPEAVQWidget@@@Z + 0x307)\n\t 0x5d928bc5: QtGui4 + 0x88bc5 (?winMouseButtonUp@QApplication@@SAXXZ + 0xfc5)\n\t0x7ff89575e857: USER32 + 0xe857 (CallWindowProcW + 0x3f7)\n\t0x7ff89575e3db: USER32 + 0xe3db (DispatchMessageW + 0x39b)\n\t0x7ff895770bc2: USER32 + 0x20bc2 (SendMessageTimeoutW + 0x142)\n\t0x7ff897510b73: ntdll + 0xa0b73 (KiUserCallbackDispatcher + 0x23)\n\t0x7ff895491063: win32u + 0x1063 (NtUserPeekMessage + 0x13)\n\t0x7ff89575a5c2: USER32 + 0xa5c2 (PeekMessageW + 0x1e2)\n\t0x7ff89575a522: USER32 + 0xa522 (PeekMessageW + 0x142)\n\t 0x5e9b37e3: QtCore4 + 0x1337e3 (?processEvents@QEventDispatcherWin32@@UEAA_NV?$QFlags@W4ProcessEventsFlag@QEventLoop@@@@@Z + 0x243)\n\t 0x5d922074: QtGui4 + 0x82074 (?openPopup@QApplicationPrivate@@QEAAXPEAVQWidget@@@Z + 0x204)\n\t 0x5e98b5db: QtCore4 + 0x10b5db (?exec@QEventLoop@@QEAAHV?$QFlags@W4ProcessEventsFlag@QEventLoop@@@@@Z + 0x22b)\n\t 0x5e98dbbf: QtCore4 + 0x10dbbf (?exec@QCoreApplication@@SAHXZ + 0xdf)\n\t0x7ff66825198b: quartus + 0x198b (?qgq_main@@YAHHPEAPEBD@Z + 0x8b)\n\t0x7ff8810e3258: CCL_MSG + 0x13258 (?msg_main_thread@@YAPEAXPEAX@Z + 0x18)\n\t0x7ff8810e4a5e: CCL_MSG + 0x14a5e (?msg_thread_wrapper@@YAPEAXP6APEAXPEAX@Z0@Z + 0x6e)\n\t0x7ff8811f6af0: ccl_mem + 0x16af0 (?mem_thread_wrapper@@YAPEAXP6APEAXPEAX@Z0@Z + 0x70)\n\t0x7ff8810e2af1: CCL_MSG + 0x12af1 (?msg_exe_main@@YAHHPEAPEBDP6AHH0@Z@Z + 0xa1)\n\t0x7ff668252777: quartus + 0x2777 (WinMain + 0x127)\n\t0x7ff668251f40: quartus + 0x1f40 (__tmainCRTStartup + 0x148)\n\t0x7ff8972d7033: KERNEL32 + 0x17033 (BaseThreadInitThunk + 0x13)\n\t0x7ff8974c2650: ntdll + 0x52650 (RtlUserThreadStart + 0x20)\n",
		"subsystem" : "unknown"
	},
	"quartus" : {
		"quartus_bits" : "64",
		"version" : "20.1.1",
		"build" : "720",
		"edition" : "Lite Edition"
	}
}