{
	"partitions" : [
		{
			"name" : "Top",
			"pins" : [
				{
					"name" : "led[0]",
					"strict" : false
				},
				{
					"name" : "led[1]",
					"strict" : false
				},
				{
					"name" : "led[2]",
					"strict" : false
				},
				{
					"name" : "led[3]",
					"strict" : false
				},
				{
					"name" : "hsync",
					"strict" : false
				},
				{
					"name" : "vsync",
					"strict" : false
				},
				{
					"name" : "rgb[0]",
					"strict" : false
				},
				{
					"name" : "rgb[2]",
					"strict" : false
				},
				{
					"name" : "key_sw[0]",
					"strict" : false
				},
				{
					"name" : "key_sw[1]",
					"strict" : false
				},
				{
					"name" : "key_sw[2]",
					"strict" : false
				},
				{
					"name" : "key_sw[3]",
					"strict" : false
				},
				{
					"name" : "reset_n",
					"strict" : false
				}
			]
		}
	]
}