{
	"partitions" : [
		{
			"name" : "Top",
			"pins" : [
				{
					"name" : "hpos_read[0]",
					"strict" : false
				},
				{
					"name" : "hpos_read[1]",
					"strict" : false
				},
				{
					"name" : "hpos_read[2]",
					"strict" : false
				},
				{
					"name" : "hpos_read[3]",
					"strict" : false
				},
				{
					"name" : "hpos_read[4]",
					"strict" : false
				},
				{
					"name" : "hpos_read[5]",
					"strict" : false
				},
				{
					"name" : "hpos_read[6]",
					"strict" : false
				},
				{
					"name" : "hpos_read[7]",
					"strict" : false
				},
				{
					"name" : "hpos_read[8]",
					"strict" : false
				},
				{
					"name" : "hpos_read[9]",
					"strict" : false
				},
				{
					"name" : "hpos_read[10]",
					"strict" : false
				},
				{
					"name" : "vpos_read[0]",
					"strict" : false
				},
				{
					"name" : "vpos_read[1]",
					"strict" : false
				},
				{
					"name" : "vpos_read[2]",
					"strict" : false
				},
				{
					"name" : "vpos_read[3]",
					"strict" : false
				},
				{
					"name" : "vpos_read[4]",
					"strict" : false
				},
				{
					"name" : "vpos_read[5]",
					"strict" : false
				},
				{
					"name" : "vpos_read[6]",
					"strict" : false
				},
				{
					"name" : "vpos_read[7]",
					"strict" : false
				},
				{
					"name" : "vpos_read[8]",
					"strict" : false
				},
				{
					"name" : "vpos_read[9]",
					"strict" : false
				},
				{
					"name" : "RGB_read[0]",
					"strict" : false
				},
				{
					"name" : "RGB_read[1]",
					"strict" : false
				},
				{
					"name" : "RGB_read[2]",
					"strict" : false
				},
				{
					"name" : "empty",
					"strict" : false
				},
				{
					"name" : "full",
					"strict" : false
				},
				{
					"name" : "rst",
					"strict" : false
				},
				{
					"name" : "hpos_write[0]",
					"strict" : false
				},
				{
					"name" : "clk",
					"strict" : false
				},
				{
					"name" : "push",
					"strict" : false
				},
				{
					"name" : "pop",
					"strict" : false
				},
				{
					"name" : "hpos_write[1]",
					"strict" : false
				},
				{
					"name" : "hpos_write[2]",
					"strict" : false
				},
				{
					"name" : "hpos_write[3]",
					"strict" : false
				},
				{
					"name" : "hpos_write[4]",
					"strict" : false
				},
				{
					"name" : "hpos_write[5]",
					"strict" : false
				},
				{
					"name" : "hpos_write[6]",
					"strict" : false
				},
				{
					"name" : "hpos_write[7]",
					"strict" : false
				},
				{
					"name" : "hpos_write[8]",
					"strict" : false
				},
				{
					"name" : "hpos_write[9]",
					"strict" : false
				},
				{
					"name" : "hpos_write[10]",
					"strict" : false
				},
				{
					"name" : "vpos_write[0]",
					"strict" : false
				},
				{
					"name" : "vpos_write[1]",
					"strict" : false
				},
				{
					"name" : "vpos_write[2]",
					"strict" : false
				},
				{
					"name" : "vpos_write[3]",
					"strict" : false
				},
				{
					"name" : "vpos_write[4]",
					"strict" : false
				},
				{
					"name" : "vpos_write[5]",
					"strict" : false
				},
				{
					"name" : "vpos_write[6]",
					"strict" : false
				},
				{
					"name" : "vpos_write[7]",
					"strict" : false
				},
				{
					"name" : "vpos_write[8]",
					"strict" : false
				},
				{
					"name" : "vpos_write[9]",
					"strict" : false
				},
				{
					"name" : "RGB_write[0]",
					"strict" : false
				},
				{
					"name" : "RGB_write[1]",
					"strict" : false
				},
				{
					"name" : "RGB_write[2]",
					"strict" : false
				}
			]
		}
	]
}